split,roc_auc,pr_auc,precision,recall,f1_score,recall_at_top_10pct,ks_statistic,tn,fp,fn,tp,brier_score
validation,0.7799203369943319,0.2711740100132865,0.2940985205657617,0.36435045317220544,0.3254767902123066,0.36435045317220544,0.4194457867434744,52195,4342,3156,1809,0.1642712638154553
test,0.7764561203602978,0.2639813012708453,0.2907662082514735,0.3577039274924471,0.3207802763478732,0.35931520644511583,0.41226513002671034,52206,4332,3189,1776,0.1644893399938551
