model_name,feature_count,validation_top_10pct_threshold,test_roc_auc,test_pr_auc,test_precision,test_recall,test_f1_score,test_recall_at_top_10pct,test_ks_statistic,test_brier_score,test_expected_calibration_error,top_10pct_applicants_reviewed,top_10pct_defaults_captured,top_10pct_default_capture_rate,top_10pct_lift_vs_random,top_10pct_default_credit_exposure_capture_rate,delta_vs_champion_feature_count,delta_vs_champion_test_roc_auc,delta_vs_champion_test_pr_auc,delta_vs_champion_test_recall_at_top_10pct,delta_vs_champion_test_ks_statistic,delta_vs_champion_test_brier_score,delta_vs_champion_test_expected_calibration_error,delta_vs_champion_top_10pct_default_capture_rate,delta_vs_champion_top_10pct_lift_vs_random
champion_full_feature_model,76,0.6973716480146466,0.7764561203602978,0.2639813012708453,0.2907662082514735,0.3577039274924471,0.3207802763478732,0.35931520644511583,0.41226513002671034,0.1644893399938551,0.27415461370784405,6151,1784,0.35931520644511583,3.593152064451158,0.31965338412039385,0,0.0,0.0,0.0,0.0,0.0,0.0,0.0,0.0
less_sensitive_challenger_model,61,0.6976792315915297,0.7702719168603088,0.25592480818782903,0.28229900114622564,0.3472306143001007,0.31141618497109824,0.3488418932527694,0.4013351339029366,0.16776810132649175,0.27925214068487114,6151,1732,0.3488418932527694,3.488418932527694,0.3065404369172278,-15,-0.006184203499988938,-0.008056493083016258,-0.010473313192346456,-0.010929996123773711,0.0032787613326366594,0.005097526977027089,-0.010473313192346456,-0.10473313192346412
