fold,train_rows,validation_rows,train_default_rate,validation_default_rate,scale_pos_weight,top_10pct_threshold,train_seconds,roc_auc,pr_auc,precision,recall,f1_score,recall_at_top_10pct,ks_statistic,tn,fp,fn,tp
1,246008,61503,0.080729,0.080728,11.38710976837865,0.7062423022947213,20.17,0.7814199199839466,0.2767802301615513,0.2931230694196066,0.3631419939577039,0.3243972652033105,0.3631419939577039,0.4240693236396684,52190,4348,3162,1803
2,246009,61502,0.080729,0.080729,11.387160120845921,0.7050567353324682,20.35,0.7806279772119751,0.27276360269971933,0.2932856446106324,0.36334340382678754,0.32457718603814323,0.36334340382678754,0.4239161866763864,52190,4347,3161,1804
3,246009,61502,0.080729,0.080729,11.387160120845921,0.7005766630093437,20.04,0.7855373913091805,0.27235413222067345,0.2916598927003739,0.3613293051359517,0.3227779776898165,0.3613293051359517,0.43331400173359186,52180,4357,3171,1794
4,246009,61502,0.080729,0.080729,11.387160120845921,0.7034565993812337,19.19,0.7781506326160479,0.2651137096242818,0.28873353926190864,0.3577039274924471,0.3195394026628284,0.3577039274924471,0.41464852905549415,52162,4375,3189,1776
5,246009,61502,0.080729,0.080729,11.387160120845921,0.703725832643001,20.23,0.7893413684959334,0.28541856318793857,0.304503332791416,0.3772406847935549,0.3369917236415977,0.3772406847935549,0.4419180936880252,52259,4278,3092,1873
